{
  "info": {
    "name": "Charname",
    "activeskill": "None",
    "level": 1,
    "gold": 0,
    "maxhp": 0,
    "currenthp": 0,
    "seed": "2021-12-08 00:02:52.039604+00:00"
  },
  "attributes": {
    "strlevel": 10,
    "dexlevel": 10,
    "intlevel": 10,
    "endlevel": 10,
    "agilevel": 10,
    "spdlevel": 10,
    "chalevel": 10,
    "luclevel": 10,
    "willevel": 10,
    "fthlevel": 10
  },
  "offense": {
    "swordlevel": 1,
    "swordxp": 0,
    "bluntlevel": 1,
    "bluntxp": 0,
    "knifelevel": 1,
    "knifexp": 0,
    "spearlevel": 1,
    "spearxp": 0,
    "bowlevel": 1,
    "bowxp": 0,
    "crossbowlevel": 1,
    "crossbowxp": 0,
    "unarmedlevel": 1,
    "unarmedxp": 0,
    "dualwieldlevel": 1,
    "dualwieldxp": 0
  },
  "defense": {
    "unarmoredlevel": 1,
    "unarmoredxp": 0,
    "lightlevel": 1,
    "lightxp": 0,
    "mediumlevel": 1,
    "mediumxp": 0,
    "heavylevel": 1,
    "heavyxp": 0,
    "shieldlevel": 1,
    "shieldxp": 0
  },
  "magic": {
    "abjlevel": 1,
    "abjxp": 0,
    "conjlevel": 1,
    "conjxp": 0,
    "divilevel": 1,
    "divixp": 0,
    "enchlevel": 1,
    "enchxp": 0,
    "evoclevel": 1,
    "evocxp": 0,
    "illulevel": 1,
    "illuxp": 0,
    "necrlevel": 1,
    "necrxp": 0,
    "tranlevel": 1,
    "tranxp": 0
  },
  "crafts": {
    "beglevel": 1,
    "begxp": 0,
    "fishlevel": 1,
    "fishxp": 0,
    "stealthlevel": 1,
    "stealthxp": 0,
    "bartlevel": 1,
    "bartxp": 0,
    "carplevel": 1,
    "carpxp": 0,
    "minelevel": 1,
    "minexp": 0,
    "smithlevel": 1,
    "smithxp": 0,
    "farmlevel": 1,
    "farmxp": 0,
    "cooklevel": 1,
    "cookxp": 0,
    "perflevel": 1,
    "perfxp": 0,
    "fletchlevel": 1,
    "fletchxp": 0,
    "alchlevel": 1,
    "alchxp": 0,
    "woodlevel": 1,
    "woodxp": 0,
    "firstaidlevel": 1,
    "firstaidxp": 0
  },
  "equipment": {
    "mainhand": 0,
    "offhand": 0,
    "head": 0,
    "torso": 0,
    "legs": 0,
    "hands": 0,
    "feet": 0,
    "neck": 0,
    "ring1": 0,
    "ring2": 0
  },
  "inventory": [
    "0:0"
  ]
}